名称,经度,纬度
昌盛鲜花店,102.691313,25.034687
星辰宠物店,102.670837,24.990878
老六卤面店,102.601226,24.676739
小龙缝纫店,102.739059,25.054571
红叶复印店,102.656925,25.091892
星梦文具店,102.737503,25.048088
来福店,102.715944,25.068797
鲜花店,102.829584,24.989131
洪鑫五金店,102.693834,25.001552
彩琴卤鸭店,102.604621,24.670524
全全理发店,102.74404,25.062198
晋宁百货大楼(郑和路店),102.600999,24.676575
美景鲜花店,102.73899,25.102388
宇妍复印店,102.832605,24.869399
摩崖文具店,102.744136,25.10923
昌隆洗车店,103.046814,25.246004
98便利店,102.999698,25.241611
新亚洲五金店,102.76947,24.950021
锦晨便利店,102.836072,24.968829
欣颖复印店,102.623333,25.000211
傻大姐美食店,103.26538,25.553535
久忆便利店,102.755514,25.122573
西城理发店,102.660659,25.071664
寅梦足浴店,102.683711,25.05577
金利五金店,102.680155,24.981935
华亿便利店,102.706977,25.029011
萍实便利店,102.700804,25.027447
光云五金店,102.716205,25.018635
全鑫百货店,102.925045,25.792414
悦苑鲜花,102.706153,25.045769
学文文具店,102.778702,25.117023
宏辉烧烤店,102.48773,24.923548
郭记煮品店,102.655506,25.066332
华山五金店,102.718236,25.052566
饲料店,103.240749,25.037439
桂春小吃店,102.680045,25.05303
3禾便利店,102.678717,25.005494
铭源五金店,102.779874,25.122705
聚铭煮品店,102.689433,25.047676
小林渔具店,102.652182,25.043888
汉堡奶茶店,102.682391,25.07575
昊鑫五金店,102.651011,25.090156
牛郎店,102.947852,25.48606
德佳渔具店,103.038442,25.340858
花圈店,103.237306,25.995735
枫树便利店,102.75081,25.157908
顺齐便利店,103.179622,26.083649
站屯便利店,103.364312,24.921154
四川缝纫店,102.655335,25.067988
鹏飞烟酒店,102.701422,25.011421
金蝉子店,102.645937,25.145973
土杂店,103.151883,24.923326
五金店,102.477002,25.548981
六六冰店,102.762496,25.01493
ML时尚店,102.643805,25.034869
东北面点店,102.697839,25.027735
加祥百货店,102.97585,25.628053
秀存理发店,102.686128,25.019979
优资莱店,103.053746,25.311484
弘香纸店,103.521705,24.828678
鲜面店,102.673647,25.065418
玉兰的店,102.688289,25.008761
佳佳文具店,102.731648,25.120819
佳星店,102.749155,25.052521
日用品店,103.241066,25.037996
安泰便利店,103.365623,24.918183
嘉缘糕点店,103.338793,25.538116
思琪便利店,102.724047,25.022254
藤原豆腐店,102.732994,25.06604
百货大楼(五星路店),102.473634,25.563652
顺众百货店,102.749467,25.135299
君佳便利店,103.259167,25.443973
顺风百货店,102.932138,25.771276
3元洗衣店,102.830496,24.896347
格楠酒店,102.710161,25.050359
碧波潭店,102.64586,25.145624
母婴店,102.746352,24.958685
五金杂货店,103.053485,25.311063
华宇音像店,102.679396,25.090557
小何超市,102.639334,25.04206
服装店,103.239733,25.036651
鹏鑫米店,102.507763,24.92425
启芬烟酒店,103.127023,25.441197
斌斌粮油店,102.703592,25.011228
雪绒服装店,102.705911,25.042386
鲁春小吃店,102.704848,25.006403
朝配烟酒店,102.932357,25.777695
6块9零食店,103.073217,25.227937
有间奶茶店,102.467584,25.340234
兴隆烧烤店,102.680302,25.09991
时新服装店,103.072972,25.227281
专业改衣店,102.7298,25.047606
珍珍小吃店,103.268434,25.74483
23元店,102.747319,24.958939
大东(秀屏路店),102.476552,25.562141
大东(茨坝正街店),102.743365,25.151456
大东(迎宾路店),103.154007,24.92364
大东(东街店),103.046682,25.344027
京畿道(文林路店),103.013514,25.240681
沃尔玛购物广场(昆明大观店),102.703908,25.048881
家乐福(云纺店),102.716483,25.027671
沃尔玛购物广场(兴苑路分店),102.663124,25.044715
家乐福(世纪广场店),102.718808,25.044219
爱琴海购物公园(广福路店),102.691572,24.998292
泰和超市(彝城新都店),102.475754,25.554889
佳用华联超市(寻甸店),103.267294,25.563968
滇池学院杨林校区-吉佳超市,103.009152,25.237942
溢百佳超市,103.188579,26.08921
通汇购物中心,103.267702,25.555966
乐百惠生活超市(禄劝财富中心店),102.476561,25.561542
三江购物(杨林店),103.070921,25.233729
正义坊购物中心,102.715921,25.046076
泰和超市(丹凤桥店),103.04531,25.350892
省鑫超市(康朗村店),102.897671,25.109658
旺上达超市,103.025598,25.248053
家利福超市(好爱家分店),103.129462,25.318556
赛麦多超市,103.002585,25.244911
华联超市(古城店),103.195677,24.97807
阿建超市,103.02123,25.252812
好乐多超市(功山店),103.268106,25.743778
东川区农村华联网超市,103.19193,26.094603
家家有生活平价超市,103.116772,25.69159
溪盛超市,103.174823,26.111783
梅子百货超市,103.338859,25.53748
祥丰合超市(阿旺分店),103.259013,25.92399
春丽超市,102.947119,25.693209
得胜超市,103.040416,25.499928
潮玉超市,103.257438,25.428924
好新家超市(则黑店),102.690908,26.13609
铜都街道碧云社区慈善爱心超市,103.186701,26.091033
自荣超市,103.175558,26.119417
宜邦超市,103.187751,26.082158
安秧生活超市,103.131953,25.822942
东川区世盛超市,103.186113,26.082939
百贸超市(则黑店),102.690375,26.136432
荣盛杰超市(大寨店),103.165018,26.158953
特产超市,102.932237,25.772973
惠多多百货超市,102.798714,26.028581
景玉超市,103.195212,26.078051
效益超市(杨桥店),103.062519,25.315553
凯艳超市,103.132415,26.222612
惠民连锁易购家电百货超市(东川店),103.18011,26.095357
畅誉超市,103.263141,25.548879
宏达超市(汤因线店),102.955774,26.289221
屈臣氏(七彩METOWN购物中心店),102.73334,25.054971
龙保超市,103.024577,25.247609
忠骏鲜生生活超市,103.193006,26.085216
屈臣氏(伊皇购物中心店),102.491971,24.92763
加宏百货店,102.935456,25.774352
福润万家购物中心,103.162458,25.466344
寻甸羊街老才百货店,103.132254,25.448515
胖子百货店,103.123082,25.436888
易捷百货店,103.127901,25.332128
杰昆百货店,103.032041,25.357633
优客生活(工厂店),103.194435,26.066389
顺刚百货店,103.386559,25.64229
九久久百货店,103.088416,25.881489
乐豪购,103.359411,25.786276
美联购物中心(嵩明店),103.047579,25.344357
忠骏超市(新桥河店),103.18896,26.094811
誉仁超市,103.198771,26.090714
屈臣氏(中汇商业中心店),102.74587,25.098041
花卉超市,103.200331,26.085766
美联购物中心(药岭南路店),103.12917,25.318938
天天红百货,103.264758,25.566392
紫萱百货店,103.052356,25.335715
益家人百货,102.900521,25.781424
正凤百货,102.926371,25.79116
望月塘百货,102.877123,25.899922
鸿福生鲜超市,103.175132,26.119918
电机路,102.641935,25.037741
大渔路,102.650286,25.028484
益宁路,102.647783,25.039971
环湖南路,102.59575,24.731528
车和路,102.574278,24.991638
马街南路,102.644493,25.036305
路路,102.785894,24.995568
希望路,102.717995,24.988144
云南人家(珍泉路店),102.474576,24.921074
县八一级路,102.365688,24.660655
兴发路/温泉路(路口),102.499208,24.936356
连然街,102.494079,24.930962
马街,102.655662,25.040963
假日酒店(秀屏路店),102.477276,25.561453
八街街道,102.365942,24.669836
二街镇,102.495956,24.702335
兴隆小区(兴余路),102.598714,24.68802
六街镇,102.691846,24.537967
县街,102.424561,24.860187
昆阳大街,102.600712,24.683414
中滩街,102.616129,24.789713
永乐大街,102.601866,24.664995
路璐,103.564218,24.648856
昆阳大街/永乐大街(路口),102.601379,24.680694
中国工商银行24小时自助银行(珍泉路支行),102.479445,24.920833
3号路,102.887301,25.02551
春雨路与昭宗路交叉口,102.648356,25.048295
路路帮,102.747467,25.050618
红兴路与霖雨路交叉口,102.734591,25.103299
官渡11号路辅路,102.77953,24.964198
在路上,102.657874,25.088977
科医路92,102.672794,25.061473
学府路1号,102.714243,25.067265
霖雨路辅路,102.740816,25.101207
广和路辅路,102.783214,24.96638
新兴路97,102.744724,25.065848
科业路与新和巷交叉口,102.677644,25.059578
春雨路与益宁路交叉口,102.645343,25.041078
新兴路77,102.743893,25.065112
昆明市第二十一中学,102.740528,25.13325
云南师范大学-汇学楼4,102.858377,24.866718
云南师范大学-汇学楼1,102.860621,24.866163
中国医学科学院中国协和医科大学医学生物学研究所,102.677946,25.054821
云南大学-南学楼,102.707719,25.059367
学大教育(环城南路校区),102.736895,25.033978
汇学楼-汇学楼2,102.858567,24.865812
云南师范大学附属小学,102.706528,25.058031
学大教育(前兴路),102.713996,24.998602
学大教育(云南小花园校区),102.723068,25.04823
昆明市学成教育,102.751544,25.06289
勤思优学,102.729181,25.049236
学成饭店(宜良店),103.155266,24.944195
学成饭店(官南大道店),102.725554,24.988486
学成饭店(金实店),102.745579,25.082371
中国医学科学院医学生物学研究所,102.823758,24.780047
学成饭店(小板桥店),102.779424,24.982808
学成口腔诊所,102.86678,24.864756
昆明学大教育(世纪城校区),102.75301,24.967238
云南省农业科学院农产品加工研究所(学云路),102.713,25.0705
杨林酸菜鱼(学泉街店),103.071779,25.233864
贝比颂公学,102.760087,25.08782
云南省民族中等专业学校(环城西路),102.696354,25.045253
学大教育(滇池卫城学习中心),102.688422,24.980726
云南学东科技有限公司,102.902978,25.067586
学优教育(嵩华巷),102.493231,24.938276
学大教育(高新区学习中心),102.669912,25.067775
学钢琴,102.705614,25.059838
禄劝学高书店,102.480427,25.546022
优学乐思教育中心,102.769717,24.938039
学大教育(云南北市区校区),102.736659,25.102063
茶室(永学巷店),102.709968,25.025471
学思电脑,102.714329,25.06438
学大教育(建设路校区),102.702008,25.058792
学成烟酒(茨坝店),102.743379,25.153086
学韵苑,102.704379,25.062141
云学教育中心,102.853482,24.848925
学宫教育,102.782984,24.982134
青年外语学乐教育,102.702099,25.058611
学伴文具,102.699337,25.011514
趣学英语(石林中心),103.293783,24.761885
学大教育个性化学习中心,102.753013,24.967227
金学教育(昆明世纪城校区),102.753403,24.966827
学博教育,103.186316,26.100286
云南师大-天体物理学,102.862819,24.869097
云南工艺矿物学研究中心,102.714681,25.06452
七子智慧学,102.746528,25.100092
学汇苑,102.704212,25.062836
学考网(云南),102.708728,25.068283
九墨学谷,102.736788,25.0339
敏学教育培训学校,102.839998,24.841428
晨学书店,102.508866,24.936823
学大教育(国贸个性化学习中心),102.738612,25.019797
云南省畜牧兽医学会-养猪学分会,102.764699,25.096289
昆明敏学网络科技有限公司,102.747967,25.019397
安宁学源超市,102.511566,24.934188
学大小花园,102.722858,25.047975
云南省老年学学会,102.74539,25.041587
山木企学咨询,102.698383,25.067206
学美商店,102.92781,25.775143
子学不动产,102.478447,25.550816
毅学书店,102.704446,25.060725
乐学文具,102.470579,24.914557
云南唯学信息科技有限公司,102.707142,25.049463
五华正学诊所,102.682345,25.093376
小童学精品童装,102.681436,25.043019
学成饭店,102.241595,24.946031
云南大学(东陆校区),102.708574,25.060198
云南大学(呈贡校区),102.849703,24.826861
西南林业大学(白龙校区),102.764992,25.066115
昆明理工大学(新迎校区),102.738687,25.057673
云南师范大学(一二一西南联大校区),102.702935,25.061451
昆明理工大学津桥学院(空港校区),103.004941,25.128204
云南农业大学,102.755738,25.134885
昆明理工大学(莲华校区),102.702269,25.065989
云南财经大学北院,102.727455,25.094093
云南农业大学(西区),102.750417,25.132489
昆明文理学院(龙泉校区),102.718721,25.095791
昆明开放学院,102.745654,25.053546
昆明城市学院,103.016345,25.240506
云南开放大学(学府路),102.71167,25.067818
云南大学-东一院,102.711275,25.061973
云南农业大学尚农楼,102.756022,25.133853
云南农业大学学生公寓第-16幢,102.759406,25.136005
云南师范大学实验中学,102.700227,25.064104
昆明理工大学专家楼,102.738901,25.05731
云南财经大学北院-汇文礼堂,102.727092,25.093359
西南林业大学学生宿舍-第一幢,102.767781,25.066904
云大附中,102.706258,25.061709
西南林业大学学生宿舍第-12栋,102.761841,25.067494
昆明理工大学附属小学,102.70292,25.069324
西南林业大学家属区-11栋,102.756231,25.067695
云大附小,102.707267,25.061997
西南林业大学东二院,102.768006,25.063389
云南农业大学-综合楼,102.755736,25.134819
云南省电力学校,102.752501,25.161372
云南农业大学现代农业教育科研基地,103.286484,25.52114
云南师范大学文理学院学生公寓-2号,102.721992,25.095519
云南师范大学文理学院-办公楼,102.722615,25.095758
云南师范大学商学院宿舍区-志和楼1栋,103.013611,25.240269
云南农业大学学生公寓第,102.76023,25.135765
云南师范大学商学院宿舍区静和楼-3栋,103.014528,25.239531
云南师范大学文理学院宿舍区-3幢,103.004937,25.250704
云南民族大学-东南亚研究中心,102.708847,25.064286
西南林业大学(白龙校区)-思想政治理论课教学部,102.762003,25.062628
云南大学滇池学院学生公寓-10幢,103.011915,25.237705
云南农业大学-农村发展政策研究中心,102.758683,25.138082
云南师范大学附属俊发城中学,102.759941,25.109153
云南农业职业技术学院-畜牧兽医系,102.986162,25.172284
云南师范大学文理学院第二教学辅楼,103.001352,25.250329
动物科学技术学院,102.758554,25.134556
土木工程学院,102.761095,25.062664
黑马驾校杨林大学城练车场地,102.975518,25.135866
云南工商学院智能科学与工程学院,103.011053,25.243995
云南工商学院-滇西青年创业学院,103.012998,25.248454
云南师范大学俊发城实验小学,102.757634,25.114767
西南林业大学-第一教学楼,102.765249,25.066121
云南农业大学-图书馆,102.755488,25.135692
昆明理工大学津桥学院(空港校区)公共教学楼,103.005759,25.128631
云南师范大学文理学院4号学生公寓,103.005159,25.251065
云南大学滇池学院-图书馆,103.010866,25.236424
昆明市第二十四中学,102.683388,25.060277
昆明十中(求实校区),102.751003,25.119326
昆明市实验中学,102.728324,25.047958
昆明市官渡区第一中学,102.757355,24.958557
昆明市西山区实验中学,102.709145,25.02464
云南衡水实验中学(西山校区),102.708531,24.996525
云南师大附中呈贡校区,102.855745,24.854339
昆明市第三中学,102.84326,24.891176
昆明第一中学西山学校,102.652313,25.039751
云南师大附中,102.671361,25.063472
云南大学附属中学(呈贡校区),102.814152,24.888365
昆明八中,102.726217,25.100819
昆明第三中学经开区学校,102.835894,24.950259
昆明市官渡区职业高级中学,102.826703,24.99839
昆明市第九中学,102.69826,24.941509
晋宁区第三中学,102.603447,24.654413
二七一教育集团云南昌乐实验中学,102.690645,25.077076
昆明十二中学,102.737511,25.035597
安宁中学,102.468466,24.921896
昆明市盘龙区新迎中学(新迎路),102.746957,25.056791
昆明师范专科学校附属中学,102.693662,25.045737
达城中学,102.668659,25.07461
金岸中学(昆一中度假区分校),102.710211,24.974959
昆明市第十四中学,102.656504,25.07019
昆明市五华区云铜中学,102.68353,25.087225
昆明西南联大研究院附属学校,102.875609,24.836489
云南民大附中,102.70867,25.064071
官渡区矣六实验学校,102.765087,24.938036
昆明市官渡区第五中学,102.724082,25.035389
昆明市第十中学(白塔校区),102.733074,25.046309
云南省昆明市第十一中学,102.746464,25.074922
昆明市第十九中学,102.645877,25.036225
嵩阳一中,103.036529,25.348422
云大附中(星耀校区),102.772667,24.960751
昆明重工中学,102.734495,25.140816
云光中学,102.619398,24.789608
昆明经济技术开发区第三中学,102.839008,24.930792
云南长水外国语中学(滇池度假区学校),102.799675,24.824417
云南省华夏中等专业学校,102.679751,25.043965
昆明交通技工学校,102.635684,25.014868
云大附中(西林分校),102.757095,25.068356
寻甸县民族中学,103.26084,25.574143
宜良县第三中学,103.165228,24.928153
昆明三中空港实验学校,102.870925,25.032154
昆明高级技工学校,102.689861,25.075072
云南省电子信息高级技工学校,102.738084,25.065364
昆明市东川区汤丹中学,103.078278,26.183883
昆明市东川区第一中学,103.188742,26.110401
衡水实验中学补习学校,102.751684,25.018085
禄劝秀屏中学,102.492636,25.569782
白邑中学,102.882641,25.307988
禄劝第一中学,102.483496,25.566517
昆明长城中学(新城校区),102.67596,25.083853
倘甸镇初级中学,102.941119,25.795599
云南省建筑技工学校,102.773465,25.112005
西山团结中学民族中学,102.543916,25.082393
昆明经济技术开发区第二中学,102.829305,24.98954
昆明卫生职业学院(昆明校区),102.641494,25.083034
东村中学,102.679823,25.517917
禄劝则黑中学,102.688067,26.136632
禄劝屏山中学,102.472823,25.560831
昆明市煌达实验学校,102.649865,25.06895
东川区铜都中学,103.191027,26.068723
安宁市实验学校(宁湖分校),102.4591,24.928186
禄中学,102.274618,24.969672
嵩明县牛栏江镇第二初级中学,103.227919,25.314341
嵩明职业高级中学,103.063621,25.355178
仁德镇第二初级中学,103.260092,25.566078
耿家营民族中学,103.239119,25.030722
昆明黄冈实验学校,103.269109,25.51924
杨桥乡第二中学,103.052162,25.314954
翠华中学,102.588891,25.639055
寻甸三中,103.267504,25.518524
昆明现代科技学校,102.850495,24.998954
仁德一中,103.268446,25.573923
宜良县第八中学,103.193068,24.993927
宜良县九乡民族中学,103.390197,25.105455
先锋中学(先锋乡人民政府西南),103.011627,25.491514
河口中学,103.377318,25.646854
嵩阳三中(杨桥一中),103.060423,25.310098
杉木中学,103.063633,26.2639
昆明市海亦丰中学(嵩明办事处),103.034754,25.341244
昆明滇池中学,103.034196,25.348283
云南警官学院,102.697813,25.082211
昆明市盘龙区彩云中学,102.788262,25.349092
狗街第一中学,103.151793,24.788791
先锋中学(金刚街),102.760112,24.964072
寻甸回族彝族自治县塘子初级中学,103.270127,25.44925
凤仪中学,102.999557,25.839494
昆明卫生职业学院,102.631699,24.654939
昆明市官渡区第六中学南门,102.791431,24.962681
海青外国语实验学校,102.723696,24.999948
英豪实验学校,102.738123,25.049355
云南经济管理学院附属高级中学,102.438831,24.906843
汤郎中学,102.287757,26.19304
昆明冶金高等专科学校,102.447974,24.888503
昆明经济技术开发区锦绣学校,102.819201,24.988733
古城一中,103.195179,24.976819
建水实验中学(宜良办事处),103.146035,24.92689
夕阳乡民族中学,102.291649,24.46504
盘龙一中,102.721203,25.049916
云南中医药大学(白塔校区),102.73126,25.042751
山东二七一教育集团学校,102.688071,25.077395
昆旅职中,102.706369,25.043052
云南建投技工学校(东校区),103.063389,25.23594
昆明市化工技工学校(花箐村校区),102.927134,25.127435
昆明市女子职业学校,102.746023,25.055325
亨德森外国语学校(吴井路教学区),102.737911,25.027435
昆明机电工程学校(主城校区),102.644639,25.054641
云南烟草技工学校,102.750381,25.017967
嵩明县职业技校,103.044712,25.219542
高阳二中,103.060869,25.353931
元阳一中,102.730903,24.75026
红叶二中,102.757194,25.134329
杨紫微高中,102.718881,25.048807
昆明冶金高等专科学校(博方校区),102.665823,25.094514
亨德森外国语学校(银河大道教学区),102.738551,25.103417
昆明市盘龙区金实小学,102.740489,25.08036
昆明市官渡区云缨小学,102.839626,24.997931
云南师范大学附属昆明湖小学,102.773543,25.142923
昆明市五华区武成小学,102.709168,25.050415
明通小学,102.727137,25.046916
昆明市盘龙区盘龙小学映象校区(映象分校),102.756619,25.087798
昆明市官渡区云溪小学,102.756884,24.987555
万科春城小学,102.662411,25.062553
云波小学,102.752364,25.086542
昆明市盘龙区联盟小学,102.738358,25.070481
盘龙小学,102.732749,25.050047
海贝中英文小学,102.724924,25.007293
明通小学(丰江路校区),102.756918,25.099578
昆明市第一中学附属小学,102.665898,25.035486
文林小学,102.702243,25.057061
工人新村小学,102.708887,25.033962
西冲小学,102.878171,25.041937
云南师大附小呈贡校区,102.853255,24.855319
盘龙小学(滨江校区),102.72065,25.069378
棕树营小学(丹霞路),102.690432,25.044291
盘龙区新迎第一小学,102.748398,25.054844
红旗小学(布新校区),102.711102,25.042782
昆明市官渡区小板桥小学,102.784263,24.982331
官渡区关上第二小学,102.738986,25.003956
盘龙区园博小学(穿金路),102.742189,25.068124
南站小学,102.723885,25.033685
昆明经济技术开发区实验小学,102.849578,24.96196
中华小学(滇池星城校区),102.811036,24.861902
昆一中度假区分校・金岸中学(小学部),102.710389,24.975431
晓东小学,102.763143,24.997815
西坝小学,102.699578,25.039146
羊甫小学,102.798219,24.977314
高新第一小学(海源校区),102.652752,25.084926
求实小学,102.71176,25.02659
官渡区六甲第一小学,102.701957,24.966051
昆明市五华区云铜小学,102.683533,25.089015
昆明市官渡区曙光小学,102.746297,25.042159
昆明市官渡区董家湾小学,102.741438,25.04128
五华区先锋小学,102.705521,25.054914
前卫路小学,102.725006,25.032891
北大附中云南实验学校(小学部),102.721897,25.008454
昆明市西山区书林第二小学(西苑分校),102.687427,25.048022
昆明市五华区新闻路小学,102.702336,25.043647
昭宗小学,102.644211,25.059537
月家小学,103.041954,25.291001
明德小学(气象路步行街),102.692648,25.024286
昆明经济技术开发区第一小学,102.804147,24.997846
昆明市盘龙区金星中心小学,102.734166,25.08468
铜都镇中心学校尼拉姑小学,103.202397,26.089969
云南师范大学附属融创小学一二一校点,102.702587,25.060409
昆明市官渡区关上实验学校,102.750703,25.012423
两面寺小学,102.820877,25.039137
云桥小学,103.015357,25.147316
罗良小学,103.102887,25.241106
多宜甲向荣希望小学,102.694084,25.462464
嘉玲小学,103.134372,25.315459
东川区第三小学,103.185167,26.091138
厂口乡厂口小学,102.672942,25.250913
白邑乡三转弯小学,102.871968,25.389821
昆明市盘龙区落索坡小学,102.753358,25.132415
倘甸镇马街小学,102.931012,25.772081
昆明师专附小月牙塘校区,102.733083,25.101622
阿达龙小学,102.865184,25.420749
集义小学,103.194763,26.095807
甸心小学,103.115572,25.457027
豆黑小学,103.376155,24.689
石林彝族自治县清水塘小学,103.381419,24.779088
王四坝小学,103.084122,25.31097
金马村小学,102.858645,25.040434
嵩阳镇倚伴完全小学,103.06877,25.334782
禄劝县云龙小学,102.437239,25.851022
嵩明县白邑乡南营完全小学,102.887481,25.273757
陈家小学,102.723691,24.990629
仁德四小,103.279523,25.570918
长湖镇所各邑小学,103.384319,24.727345
碧谷小学,103.170081,26.122904
西山区城市希望小学,102.684819,25.040187
大坡完全小学,102.954465,25.28807
安家桥小学,103.190073,24.978975
宜良县山后小学,103.234743,24.937359
清远小学,102.924013,25.280767
古城小学,103.233317,25.336044
麦地庄小学,103.2776,24.787709
松坪小学,103.063644,26.331887
新沙小学,102.866827,25.492572
转龙小学,102.868042,25.907916
岩头小学,103.283602,25.872254
五华区武成小学教育集团分校,102.712647,25.082101
龙头小学,103.249539,25.946626
毛家坝和平希望小学,103.42108,25.517961
前卫小学,103.212124,25.176486
民权小学,102.736272,25.888528
竹箐小学,103.002258,25.453469
东村小学,103.027366,25.396569
老挖小学,103.42954,24.811447
新木凹小学,103.645116,24.849935
耿家营民族小学,103.276354,25.108614
陈家渡小学,103.177057,24.980072
皎平渡红军小学,102.458495,26.125538
新合小学,102.392105,25.98202
麦场完小,103.269615,25.474579
龙泉・武成小学壹方城校区,102.712813,25.081951
中共昆明盘龙区明通小学委员会,102.746405,25.086869
红山小学,102.941769,26.278063
兴隆小学,103.113473,25.751357
花箐小学,102.922795,25.127126
中屏昔南小学,102.614077,25.834238
书多小学,102.642161,25.831445
坪子小学,103.104158,26.06336
石林县鹿阜镇大哨小学,103.285137,24.897676
鹿阜镇卜所小学,103.27803,24.866267
板桥小学,102.358814,26.15073
没租哨小学,103.071296,25.508392
大村小学,102.661206,25.16655
翠华香江狮子会第一侨心小学,102.577889,25.616532
木树明小学,103.198808,26.056528
寻甸县河口镇双龙村完小,103.501199,25.727726
住基小学,102.703485,26.1131
白石岩小学,103.497633,25.799461
东海证券希望小学,103.257979,25.024591
磨腮完小,102.898477,25.484954
民航路第二小学,102.746053,25.030802
易隆小学,103.278323,25.381236
西中小学,102.87723,25.042128
石羊小学,103.195183,26.084959
昆明市官渡区小板桥镇中学,102.779213,24.98618
吴所完小,103.169669,25.50059
甜J地回民完小,103.109022,25.477546
昆明市五华区麻园小学,102.679042,25.055861
苏海完小,102.877866,25.297563
长冲完小,103.157648,25.428158
矣得谷完小,103.15102,25.335301
羊毛冲完小,103.357958,25.743397
骂秧完小,102.930718,25.883374
海尾完小,103.119337,25.629854
木龙马村完小,102.935354,25.480436
昆明市第三人民医院(吴井路院区),102.73534,25.029233
昆明同仁医院,102.703403,24.982258
昆明市第一人民医院星耀医院,102.772662,24.958244
昆明市官渡区人民医院,102.758393,25.018052
昆明医科大学第一附属医院,102.699404,25.048749
昆明市延安医院,102.736624,25.048869
昆明市中医医院(呈贡院区),102.835181,24.870683
昆明市呈贡区人民医院,102.810465,24.897137
嵩明县第二人民医院,103.062786,25.247659
昆明市第一人民医院,102.721679,25.037029
昆明市经开人民医院,102.805665,25.000018
昆明市延安医院高新医院,102.656965,25.080776
云南省第一人民医院新昆华医院,102.580741,24.928288
云南大学附属医院,102.719852,25.054873
云南省中医医院,102.712739,25.046004
昆明云桥医院,102.894666,25.053926
云南圣约翰医院,102.686814,25.016572
昆明市西山区人民医院,102.650527,25.037314
安宁市第一人民医院(金方院区),102.498927,24.899553
昆明明珠医院,102.752657,25.037387
云南省第一人民医院,102.714012,25.03878
云南省第三人民医院,102.726117,25.034325
安宁市人民医院,102.48276,24.9258
云南平安中西医结合医院,102.705006,25.006861
昆明市中医医院(东风东路院区),102.72993,25.043991
中国人民解放军九六六二部队医院,102.750251,25.07781
云南博亚医院,102.68891,24.998824
昆明医科大学第一附属医院(呈贡医院),102.841605,24.895906
云南新新华医院,102.737386,25.077076
嵩明县人民医院,103.051727,25.343426
昆明市第二人民医院,102.740151,25.139984
五华区人民医院,102.704312,25.053559
昆明高新医院,102.65914,25.067112
云南仁爱医院,102.715132,25.073277
红云医院,102.73014,25.114562
昆明欣海医院,102.738128,24.996491
宜良县第一人民医院,103.157964,24.918667
昆明杏德医院,102.785771,25.010804
昆明市中医医院(关上院区),102.748669,25.019634
云南省中医院(滇池院区),102.717866,24.984596
云南瑞奇德医院,102.742575,25.092158
武警云南省公安边防总队医院,102.692121,25.034342
朝阳医院官科,102.785415,24.945019
立云医院,102.875893,25.035233
云南省第一人民医院昆明理工大学医院,102.701787,25.068609
东方医院,102.74014,25.003393
昆明霍普禾森医院,102.668978,25.077675
云南多乐康医院,102.760535,24.966124
昆明市五华区人民医院(新院区),102.677018,25.096303
昆明云医大医院,102.6846,25.050564
昆明友谊医院,102.728091,25.049159
昆明福德医院,102.720322,24.967279
昆明圣民医院,102.681843,25.090679
普济医院,102.684232,25.089163
东川区人民医院,103.201271,26.082657
昆明医科大学第二附属医院,102.688291,25.059617
昆明安琪儿妇产医院,102.695996,25.059078
昆明凯耀医院,102.67588,25.06531
昆明医科大学第二附属医院海口医院,102.611413,24.790116
云南协华医院,102.736237,25.080065
圣爱中医院(滇池路店),102.677423,25.006767
云南省阜外心血管病医院,102.665457,25.105624
昆明市妇幼保健院,102.695386,25.045788
昆明仁华医院,102.696209,25.06008
昆明城东医院,102.799371,24.899777
昆明医科大学第一附属(云大)医院云南省第三人民医院联盟医院,102.730973,25.030519
昆明景洲医院,102.737324,25.091157
宜良县第二人民医院,103.158062,24.930922
盘龙区人民医院,102.755099,25.077112
昆明中伯中医医院,102.702598,25.051637
云纺医院,102.718116,25.026249
昆明医科大学第一附属医院健康管理中心,102.700709,25.054985
昆明三一一医院,102.700953,25.03772
官渡区人民医院(新院区),102.763186,25.012575
嵩明县中医院,103.031743,25.344726
西山区第三人民医院,102.544776,24.800272
昆明市官渡区仁和医院,102.779414,24.981336
昆明市第二人民医院(虹山分院),102.683802,25.065531
官渡古镇云瑞医院,102.747799,24.950207
解放军第四七八医院,102.74897,25.013771
昆明市儿童医院南市区医院-门诊部,102.713551,24.995216
昆明市第一人民医院甘美医院-住院部,102.74291,25.098567
碧鸡医院,102.624131,24.999599
云南省第一人民医院-门诊部,102.714328,25.038749
昆明民利医院,102.930296,25.783856
昆药医院,102.648994,25.048885
寻甸五洲医院,103.264439,25.555037
宜良县中医医院,103.150396,24.920269
云兰医院,102.834768,25.00061
昆明国防医院,102.691521,25.034289
富民西华医院,102.508279,25.230701
禄劝彝族苗族自治县第一人民医院(屏山分院),102.474691,25.566809
昆明市盘龙区中医院,102.732793,25.069952
云南怡园康复医院,102.684368,25.022516
禄劝益康医院,102.475366,25.561912
安宁仁济医院,102.36614,24.663468
安宁市中医医院(旧),102.487172,24.926796
昆明医学康复医院,102.700642,25.050818
寻甸仁泽医院,103.126623,25.440453
嵩明珍爱医院,103.047477,25.337723
云南省残疾人康复中心,102.697641,25.03432
寻甸县中医医院,103.281921,25.556443
昆明爱尔眼科医院,102.731427,25.030263
丽菲医院,102.513782,25.223866
云南民族大学医院,102.864062,24.844573
昆明医科大学第二附属医院-二号住院楼,102.687671,25.059839
云南恒康医院,102.733166,25.060049
富民县款庄中心医院,102.679702,25.452451
昆明艾维眼科医院,102.721259,25.04213
昆明复美白癜风专科医院研究所,102.698468,25.030841
昆明晋民医院,102.605008,24.670232
云南康泉老年病医院,102.817881,24.990042
昆明夏世中医医院,102.673824,25.046822
昆明水泥厂-职工医院,102.624469,25.002255
云南大学-校医院,102.710061,25.061187
云南中医学院-门诊部,102.731435,25.041932
寻甸仁康医院,103.270006,25.54932
浩康医院,102.755244,24.71423
石林县中医医院,103.289844,24.789366
云南交通职业技术学院呈贡新校区-校医院,102.865607,24.843233
昆明医科大学第二附属医院-三号楼,102.687078,25.060397
昆明南亚科大肝病医院,102.719087,25.083482
嵩明博爱医院,103.056768,25.341877
昆明医科大学第二附属医院-六号楼,102.687621,25.060756
云南康复医院,102.738568,25.140183
官渡进日医院,102.775662,25.014533
博大医院,102.680807,25.093677
寻甸仁和医院,103.261105,25.561725
昆明金泽实业有限公司职工医院,102.631878,25.008344
可保煤矿职工医院(可保村分院),103.0737,24.975496
寻甸县百信医院,103.434226,25.604163
中国云南呈贡训练基医科所,102.812917,24.861172
Lewan,102.746145,25.034881
昆明医科大学海源学院教学医院,102.734692,25.040986
景元堂,102.658623,25.056785
昆明医学院教学医院,102.75655,25.081584
云南省急救中心网络医院,102.730335,25.043573
云南计生药具管理,102.731842,25.011539
保险公司宿舍,102.743331,25.018217
市体育馆单位宿舍,102.695802,25.052952
国家税务总局禄劝彝族苗族自治县税务局,102.472202,25.560472
禄劝县卫生计生局,102.471613,25.552272
嵩明县疾病预防控制中心,103.04059,25.340633
东川区阿旺镇人口和计划生育服务所,103.260471,25.922935
云南省工商行政管理干部培训中心(西华北路),102.690459,25.035938
中闸物流有限公司,102.74481,24.978363
省建五公司,102.654328,25.060007
小西门东风西路艺术剧院单位房,102.706332,25.046753
中国铜业公司,102.724959,25.066529
省建八公司,102.814671,24.998496
云南基业发展公司,102.714419,25.024832
省建三公司,102.692435,25.069504
华润圣火有限公司,102.784366,25.003683
报废汽车公司,102.676182,25.120085
方富混凝土公司,102.832984,25.027131
宜良县自来水公司,103.147509,24.923019
羽音商贸有限公司,102.701457,24.964303
昆纤有限公司,102.751135,25.07694
中国人民银行(安宁市支行),102.488068,24.92582
昆明市道路运输管理局五华区分局,102.653433,25.100848
移民小区管委会,102.462033,25.555147
中国人民银行(禄劝彝族苗族自治县支行),102.47751,25.564128
中国人民银行(寻甸回族彝族自治县支行),103.266138,25.571964
禄劝县公共资源交易中心,102.474965,25.561949
寻甸回族彝族自治县黑颈鹤省级自然保护区公益林管护站,103.018116,25.579093
中国人民银行(宜良县支行),103.158746,24.924187
中国人民银行(东川支行),103.189085,26.08175
炎山社区居民委员会,103.189447,26.086071
昆明新机场建设指挥部,102.923622,25.082852
禄劝彝族苗族自治县文体广电旅游局,102.475098,25.559056
则黑乡林业管理站,102.689329,26.137362
寻甸回族彝族自治县河口镇退役军人服务站,103.383389,25.645416
云南省昆瑞高速公路路政管理支队昆武大队,102.549548,25.227474
嵩明县科学技术和信息化局,103.042044,25.338767
云南省总队第二支队,102.664448,25.111908
禄劝县皎平渡镇纪检委,102.458492,26.130416
嵩明县规划局,103.048036,25.345752
禄劝彝族苗族自治县公安局屏山派出所交警中队,102.476734,25.569031
禄劝彝族苗族自治县畜牧兽医局,102.476484,25.563521
禄劝彝族苗族自治县国土资源局执法监察大队,102.477819,25.562131
昆明市东川区医疗保障局,103.190939,26.08701
嵩明县发展改革和商务局工会联合会,103.045482,25.340328
国家税务总局禄劝彝族苗族自治县税务局翠华税务分局,102.588028,25.647449
嵩明县嵩阳财政所,103.048323,25.339139
禄劝县气象行政执法大队,102.47574,25.559119
禄劝彝族苗族自治县卫生局卫生监督所雪山分所,102.81225,26.145688
昆明市生态环境局禄劝分局,102.474811,25.556646
茂山财政所,102.505978,25.670986
富民县赤鹫乡人民调解委员会,102.516338,25.359648
塘子镇林业工作站,103.26829,25.44008
皎平渡镇政府综合应急救援分队,102.458339,26.130661
禄劝彝族苗族自治县茂山乡生产监督管理站,102.506307,25.670709
蝴蝶道路交通安全劝导站,103.606838,24.694364
宜良公路管理段阿东山公路管理站,103.201316,25.232281
青龙双湄居家养老服务中心,102.301467,25.008995
健康直饮水保障行动服务站,103.380555,25.648564
寻甸县自然资源和规划局联合国土所,103.00562,25.938429
塘子食品安全委员会办公室,103.267992,25.439035
六哨乡天然林资源保护工程管护所,102.975188,25.630516
牧羊村务监督委员会,102.846003,25.398221
石林彝族自治县食品药品稽查大队,103.278363,24.751715
塘子财政所,103.267836,25.439395
小新街乡野生动植物保护管理站,103.229736,25.318021
禄劝县乌东德镇纪检委,102.542658,26.260025
禄劝县财政局皎平渡财政所,102.458035,26.130906
禄劝彝族苗族自治县自然资源和规划局行政执法大队皎平渡监察中队,102.457003,26.130554
禄劝彝族苗族自治县司法局中屏司法所,102.62504,25.869937
市场监管,102.530281,25.762084
团街公路管理所,102.52598,25.74885
联塑市政管,102.48152,25.583329
富民县赤鹫乡公路管理所,102.516539,25.359375
团街财政所,102.528926,25.761771
月湖道路交通安全劝导站,103.442098,24.835511
圭山司法所,103.559642,24.64982
石林彝族自治县人民政府食品安全委员会办公室,103.295406,24.776052
石林彝族自治县科学技术局,103.279072,24.759674
东城新区建设管理委员会,103.29407,24.763404
石林彝族自治县环境监测站,103.283775,24.760841
云南南装集团第二工程处,102.594651,24.93886
栗庙村委会交通安全劝导站,102.540827,24.705896
市场监督管理,102.294679,24.466806
东川审计,103.198469,26.086528
中化农业蒲草塘农业技术服务站,103.359505,25.786429
凤合镇龙池村村务监督委员会,102.959448,25.819739
功山镇农机管理服务所,103.270073,25.746194
皎平渡镇一级劝导站,102.454584,26.138792
富民县司法局(赤鹫司法所),102.516266,25.359568
九乡彝族回族乡财政所,103.389291,25.104137
牛栏江镇财政所,103.144522,25.283183
龙院社区书记主任副书记办公室,102.649624,25.083647
昆明市质量技术监督局东川区分局稽查队,103.194745,26.076639
昆明倘甸产业园区轿子山旅游开发区矿产资源管理委员会办公室,102.925786,25.800254
禄劝彝族苗族自治县烟草专卖局双化专卖管理所,102.48355,26.053396
离境退税海关核验点(昆明长水国际机场),102.935668,25.102615
昭宗都市农庄建设指挥部,102.643474,25.058923
河口财政所,103.384263,25.644133
寻甸县司法局(先锋司法所),103.011867,25.491923
云南动监,102.534016,26.003932
功山镇畜牧兽医工作站,103.269956,25.745715
中共东川区经济贸易和科学技术信息化局委员会,103.192353,26.089355
寻甸回族彝族自治县功山镇社会保障事务所,103.270707,25.744619
外婆味道(七彩云南第壹城店),102.832692,24.884367
外婆味道(祥云店),102.719279,25.041599
七步香(场村店),102.820373,24.878274
蔼若春(金实店),102.739115,25.08232
德哥饭庄(麻园店),102.680928,25.063535
祥云荟馆(上东城店),102.737124,25.047523
祥云美食城,102.719567,25.041637
老滇山寨(经开区店),102.800023,24.971436
福照楼汽锅鸡饭店(锦江店),102.726949,25.027211
山里人家宣威菜馆(北京路店),102.7279,25.031759
多哥水傣味餐厅(司马巷店),102.717012,25.037849
年轮菜馆(金碧店),102.716911,25.04047
傣味轩(南屏街东口店),102.719267,25.043484
味彩(翠湖西路店),102.707739,25.053167
外婆味道(云纺店),102.71708,25.026596
外婆味道(新亚洲店),102.77391,24.951902
云海肴(南强街店),102.720328,25.041144
傣族人家(呈贡大学城店),102.858312,24.857757
老滇山寨(新亚洲店),102.774168,24.951908
杨林闻老三酸菜鱼(总店),103.034226,25.250261
滇铺子(福景路店),102.685016,25.022218
海底捞(顺城购物中心店),102.715263,25.042097
海底捞(彩云南路店),102.832216,24.883936
川倒拐耗儿鱼火锅(关上店),102.747034,25.022084
红豆园餐厅(圆通街店),102.715068,25.056724
天香仁和酒楼(金实路店),102.738707,25.08218
彭厨(关上店),102.74641,25.01549
大滇园(北站店),102.727834,25.066481
七彩晋家豆腐坊,102.823073,24.880185
迪拜美食会所(霖雨路店),102.733723,25.104091
普洱小黄牛餐厅(长水机场店),102.910732,25.084216
外婆味道(德缘店),102.655575,25.043797
福照楼(龙腾店),102.725553,25.052916
邻家小灶(春城店),102.73296,25.048837
小龙坎老火锅(五华大厦店),102.712753,25.043033
玺宴The Banquet,102.724617,24.949872
山里人家宣威菜馆(呈贡店),102.823139,24.891775
仟和骨头王火锅(金碧路店),102.717428,25.039369
福照楼(联大店),102.715049,25.044799
翠府传统海鲜火锅,102.707683,25.056171
五谷闲亭(龙泉路店),102.729221,25.11198
小瓦喳民族土菜(泛亚中铁云时代广场店),102.666973,25.092283
广东海鲜坊(新亚洲店),102.77216,24.953814
福照楼(护国饭店),102.721562,25.043304
外婆味道(世博店),102.75375,25.066538
王家小院,102.295021,25.043701
伊天园(辛伯达旗舰店),102.659852,25.044612
滇铺子(近华浦路店),102.681732,25.053479
林山饭店(大观路店),102.695819,25.043271
老房老舍重庆传统火锅(前福路店),102.70276,24.992012
仟和骨头王火锅(时光店),102.729785,25.068179
牛很鲜潮汕牛肉火锅(绿岛商业中心店),102.722213,25.045167
醉云喃滇味民俗餐厅(东寺街店),102.716981,25.035343
柳记农家园(景江店),102.735547,25.089708
芭蕉叶绿叶宴,102.687587,25.071931
纳禾春汉傣文化餐厅(和谐店),102.739956,25.108042
四方街老灶房(NO.3),102.747603,25.010819
宣威菜山野人家(呈贡店),102.800161,24.897888
老街坊(万象城店),102.738372,25.053961
新世界云牵一线(总店),102.720325,25.056312
外婆味道(安宁店),102.492981,24.927556
柳记农家园(和谐店),102.739929,25.107944
兰巴赫(南亚第壹城店),102.690277,25.013215
527自助纸上烤肉,102.683634,25.059353
黄瓜营眼镜烧烤(望城美食城店),102.714491,25.01428
美蛙鱼头(金实形象店),102.740974,25.082242
茄子恰恰创意滇菜(呈贡店),102.831284,24.884415
茄子恰恰(同德店),102.730101,25.07401
年轮菜馆(高新店),102.66415,25.066348
牛很鲜潮汕牛肉火锅(人民路店),102.739768,25.050357
渝大狮老火锅(正义坊旗舰店),102.715385,25.046589
柳记农家园(华都店),102.716798,24.982183
蒸好吃(工人医院店),102.688225,25.061151
味之绝美蛙鱼头(教场店),102.706278,25.079226
年轮菜馆(和谐世纪店),102.73783,25.108485
谢氏小锅,102.742813,25.05797
探鱼(昆明广场店),102.729987,25.074051
味蜀吾(拓东路店),102.738244,25.04351
李记河口老字号越南小卷粉,102.741896,25.04068
南得一臭(昆明店),102.752633,24.957588
傣族人家(高新分店),102.664214,25.081627
肯德基(星耀路餐厅),102.773924,24.9605
留老爷不准走(万达广场西山店),102.716969,25.014632
稻香良品,102.831053,24.886743
必胜客(青年路餐厅),102.721781,25.049177
昆明饭店过桥米线(昆明饭店总店),102.730664,25.04569
大羊米线(王旗营店),102.73747,25.068223
建新园(景星街店),102.715562,25.044447
原虹山老周烧烤(南亚店),102.692835,25.013158
阿拉伯餐厅,102.69771,25.060194
老顾客琳琳小吃(王旗营店),102.73428,25.067706
赖着不走(青云街店),102.712234,25.058163
城市花园泰式海鲜火锅(登文店),102.759748,25.086522
火锅恰恰(呈贡店),102.866671,24.863755
保山火瓢牛肉(向阳东路店),102.512416,24.899271
石头记牧哥牛汤锅,102.72031,24.996665
佳客来牛排自助(青年路店),102.722286,25.045242
上井精致料理(同德店),102.730596,25.074645
九寨石锅鱼三国烤鱼(新天地总店),102.85784,24.85744
蒙自源过桥米线(国贸店),102.73612,25.019238
德克士(新亚洲餐厅),102.772484,24.95197
必胜客(白云餐厅),102.730923,25.07328
老仓醋米线(金碧店),102.717604,25.040135
蒙古烤羊腿(云大西路店),102.796662,24.982267
么哈MOJAR(云上小镇店),102.849758,24.84807
泰爽(公园1903商业广场店),102.682611,24.99168
三根葱(公园1903商业广场店),102.682579,24.991944
好吃坊(金碧街道弥勒寺社区东北),102.708005,25.034559
幸福久居,102.708403,25.048398
嘉华饼屋(和平店),102.729881,25.036147
小蹄大作(北京路店),102.730258,25.074778
昆明饭店-西饼屋(白塔店),102.732279,25.044111
储缘蛋糕(建设路店),102.698794,25.06697
昆明市官渡区幼儿园,102.755928,25.013383
万科・金域国际-艾尔西幼儿园,102.660857,25.059275
云南省人民政府办公厅华山幼儿园,102.717489,25.050732
昆明市第二幼儿园,102.712319,25.052601
金辉双语幼儿园,102.756782,25.085595
昆明市官渡区北京路幼儿园星辰校区(官渡分校),102.780886,24.966683
阳光米诺岛幼儿园,102.667766,25.072802
爱贝儿幼儿园,102.703152,25.010976
昆明市王旗营小区幼儿园(万宏路),102.733177,25.067335
航天幼儿园,102.828546,24.989065
盘龙区巧童趣幼儿园,102.750889,25.070692
云南省委机关幼儿园,102.705688,25.041676
大观幼儿园(大观路),102.697813,25.04452
中共昆明市委机关幼儿园,102.720638,25.037278
昆明市第七幼儿园,102.702259,25.048381
云师大附属盘龙幼儿园,102.752399,25.107164
爱贝林语幼儿园,102.658327,25.10091
昆明市人民政府机关幼儿园,102.728554,25.049942
肯琦儿国际幼儿园(第五分园),102.737403,25.121909
和润幼儿园,102.759306,25.037905
圆通幼儿园,102.71684,25.058102
盘龙区东华幼儿园,102.741825,25.052553
云南民族幼儿园,102.746916,25.037866
金庭双语幼儿园,102.747554,25.076445
昆明市第十八幼儿园,102.713546,25.02147
睿博中英文幼儿园(融城昆明湖分园),102.767577,25.135637
昆明博艺源幼儿园,102.698468,25.039853
官渡区六甲中心幼儿园,102.72022,24.969082
哈奇幼幼园,102.736908,25.110272
北京金色摇蓝幼儿园,102.781635,24.961899
五华区教职工幼儿园,102.712905,25.056631
瑞格阳光城幼儿园,102.682849,25.067256
博睿恩国际幼儿园,102.783211,24.993205
昆明市第二十幼儿园,102.707153,25.0581
昆明市盘龙区长颈鹿幼儿园,102.739348,25.079404
米吉宝国际幼稚园,102.656458,25.097167
寻甸县幼儿园,103.270309,25.567166
云南民航儿童哲学幼儿园,102.75569,25.010458
昆明高新一小附属经典双城幼儿园,102.672988,25.05684
小精灵艺术幼儿园,102.769536,24.967458
中海龙泉幼儿园,102.732145,25.118884
蓝天贝贝幼儿园,102.749469,25.164681
桐欣艺术幼儿园,102.79636,24.980456
昆明市西山米奇幼儿园,102.691219,25.024636
太平村中心幼儿园(第二分园),102.770813,25.036964
官渡区彼岸幼儿园,102.782686,24.972748
育艺幼儿园,102.777983,25.013153
金牛幼儿园(南亚园),102.689091,25.012292
昆明市轧钢厂幼儿园,102.712377,25.078668
斗南阳光幼儿园,102.784464,24.902333
轿子山幼儿园,102.483752,25.563723
寻艺贝贝幼儿园,102.821534,25.005239
昆明市第十五幼儿园(润城),102.709112,25.011448
昆明市官渡区龙马社区幼儿园,102.734232,24.945508
昆明市盘龙区太阳花金戈双语幼儿园,102.735421,25.075565
昆明市教工第二幼儿园(滇池星城园区),102.806064,24.861713
艾尔西幼儿园(澜h分园),102.730225,24.978781
建工海贝幼儿园(建工新城),102.833471,24.955088
大河埂幼儿园,102.65995,25.094453
希望幼儿园,102.778044,24.954522
官渡区大羊甫幼儿园,102.796839,24.97697
昆明经开区锦程幼儿园,102.848121,24.966963
绿苗幼儿园,102.760543,25.015195
中闸社区幼儿园,102.746165,24.977899
官渡区爱贝尔幼儿园,102.768538,24.966187
启蒙幼儿园(龙泉路),102.742712,25.154001
官渡区威仕德幼儿园,102.732437,25.030579
昆明市盘龙区罗丈幼儿园,102.739263,25.091501
昙华幼儿园,102.753447,25.049687
小金星幼儿园,102.748506,25.135892
德馨瓦窑村幼儿园,102.767684,25.120476
贝尔乐幼儿园,102.730218,25.004746
阳光天使幼儿园,102.68636,25.059234
散旦镇幼儿园,102.662128,25.307946
空港经济区贝尔乐杏园幼儿园,102.895285,25.052224
秀屏社区-幼儿园,102.458831,25.554822
昆明市官渡区伊顿幼儿园(昆明市官渡区),102.730714,24.942911
艾乐幼儿园,103.017399,25.250996
秋苑幼儿园,102.662809,25.040746
白得邑阳阳幼儿园,102.755158,24.995212
大风车双语幼儿园,102.793818,24.981108
晨星幼儿园(宝象河段),102.910347,25.052297
九乡小树苗幼儿园,103.385353,25.102676
昆明问古斋国学幼儿园,102.78378,24.981442
新苗幼儿园(金沙路店),103.185704,26.084911
龙凤幼儿园(民兴路),102.663075,25.045867
金所乡栽开幼儿园,103.194364,25.531335
嵩明县好孩子幼儿园,103.067807,25.234137
蓓蕾幼儿园(文苑路),103.261221,25.569167
寻甸县仁德镇塘子中心幼儿园,103.267396,25.436825
白汉场中心幼儿园,102.971144,25.172465
和平幼儿园,103.264882,25.50275
慈育幼儿园,103.007817,25.839449
昆明善学堂国学幼儿园,102.752826,25.144704
艾尔西瑞辰幼儿园,102.747723,25.061964
金所幼儿园(金河街道),103.200797,25.556824
昆明市官渡区天一幼儿园,102.772616,25.029302
晨曦国学幼儿园,102.828885,24.985713
童忆幼儿园,103.273624,25.534249
昆明市官渡区金悦幼儿园,102.741313,24.962777
嵩明县上木作村金童幼儿园,103.064339,25.32961
天佑幼儿园,103.057848,25.313474
新田幼儿园,103.07194,25.580123
西山区希萌幼儿园,102.656465,25.0451
海乐幼儿园,102.713244,24.96352
贝嘉幼儿园,102.719092,24.974991
春晖幼儿园,102.717378,24.966649
玫瑰湾爱幼幼儿园,102.7269,24.988091
新承汇便民托幼园,102.747042,25.041657
御山湖幼儿园,102.857787,24.978459
昆明市盘龙区中所幼儿园,102.884984,25.244647
撒营盘中心幼儿园,102.534077,26.003198
新湖乡村幼儿园,103.164102,26.162548
贝乐幼儿园,102.591343,25.649262
贝蕾幼儿园,103.220319,25.204939
汤郎乡中心幼儿园,102.289199,26.191956
云铜幼儿园-康贝儿幼教机构,102.68224,25.089055
麻地村幼儿园,102.843072,25.827207
小太阳幼儿园,103.071192,25.308553
春天艺术幼儿园,103.052902,25.310766
酒候酒馆,102.707757,25.058038
纯粮酒坊,102.701741,24.978391
海燕酒行,102.785974,24.991998
酒红苑烤全羊,102.581793,24.619687
醉明月酒(省委办公区专卖店),102.687229,25.009757
云南云酒酒业有限责任公司,103.182319,24.882934
杨林肥酒,102.674534,25.057315
酒房,103.052355,25.310521
梁粮酒坊,103.045272,25.195002
呈贡尚客优连锁酒店(昆明大学城高铁南站店),102.866521,24.863594
法国之光・葡萄酒(1903店),102.682031,24.990814
新嘉源茶酒批发市场,102.7803,24.98945
昆明事外居酒屋(南强街店),102.720247,25.040876
谁在居酒屋(南亚店),102.692282,25.013953
小东酒房,103.078062,25.231292
百汇酒行,102.480059,25.559903
八仙酒铺子,102.721701,25.079356
国酒茅台(茭菱路店),102.685931,25.055036
纯高粱酒,102.808539,24.891543
藤原居酒屋,103.061581,25.349773
酱典酱酒,102.677828,25.008134
酒舍吧,102.738329,25.030883
醉鼎尖椒鸡(寺瓦路店),102.76587,25.051397
卫涛酒行,102.717118,24.981317
茶酒行,102.722287,25.060117
康乐酒,102.687573,25.044509
深巷香酒,102.793717,24.980821
奔富酒庄,102.725913,25.067217
酒是这里,102.735062,25.075165
酒铺,102.776151,24.981708
见茶看酒,102.673938,25.100025
酒点拌,102.480967,25.564389
本香烟酒,102.718697,24.994615
涌泉酒,102.788757,25.00688
春悦花园酒店,103.282084,24.765117
昆明南屏步行街亚朵轻居酒店,102.714283,25.043111
元园源酒店,102.86168,26.01733
纯粮酒,102.761279,24.98232
酒行,102.723668,25.051066
吉诚酒,102.750962,25.046468
酒茶行,102.749119,25.048878
自烤酒,102.856035,25.022538
乐曼酒行,102.783142,24.994473
大福酒行,103.561591,24.648315
嘉瑞酒,102.68198,25.003165
志,103.275615,24.761917
酒副食,102.688649,25.00307
丰明商贸(茅台王子酒店),102.742208,25.063538
久怡酒,102.782859,24.994455
橄榄酒,102.638102,25.030087
无疑酒,102.75138,25.073668
嘉丽泽酒,102.767551,24.962352
国酒荟萃,102.701098,24.999309
酉食酉酒,102.7131,25.001755
酒居,102.475859,25.554579
酒超市,102.728989,25.003998
华昌酒,102.724057,25.053953
玖香烟酒,102.687009,25.000846
令和崎料理,102.739012,25.10895
阿兵特产,102.668613,25.092488
洋火商店,102.729865,25.029246
百佳超市(穿金路店),102.760725,25.086168
光明烟酒,102.682653,25.040787
华顺烟酒,102.747771,25.081762
烧左衙门,102.748239,25.060304
玩啤精酿餐吧Humdinger(正义店),102.716609,25.04906
牛啤堂精酿啤酒餐吧(昆明店),102.69014,25.013029
酤居湖景音乐餐吧,102.460417,24.925324
胡桃里音乐酒馆(昆明顺城店),102.713499,25.042371
休闲吧,102.742669,25.153733
亮骏网吧,102.881016,25.030203
盈月茶吧,102.730857,25.096749
走吧,102.710933,25.052365
枫叶吧,102.747046,25.019779
老滇缅320傣味餐吧(兴苑路店),102.661664,25.044898
老滇缅320傣味餐吧(海源北路店),102.653773,25.084019
松果音乐餐吧(1903店),102.682938,24.990133
啤气串吧(兴苑路店),102.652593,25.042508
净心缘时尚餐吧,102.738536,25.047419
木制天堂餐吧(昆明分店),102.705019,25.058271
赫斯提亚餐吧,102.763102,25.088027
疯狂吧2526,102.657841,25.093108
听牧牛庄(同仁店),102.717806,25.04088
呀州休闲餐吧(金坤尚城店),102.707576,25.015086
菩提吧,102.738843,25.0609
昆明繁花酒吧(环城南路店),102.716928,25.02914
圣鹰部落酒吧(昆明店),102.763676,24.961235
70音乐吧,102.737312,25.09762
台北帮厨(正义坊购物中心店),102.715821,25.047592
哦吧,102.76675,24.981102
渔吧,102.68001,24.982054
茶外茶茶室(万华路店),102.725272,25.075725
来电(菩提吧),102.738793,25.06086
来喝酒吧,103.053987,24.962658
鲜果捞吧,102.846291,24.918344
雅座茶吧,102.78862,25.004466
雪茄吧,102.729253,25.075835
久居,102.707463,25.051019
辣吧,102.808724,24.896573
咖啡吧,102.70601,25.003971
梦吧BAR,102.775681,25.096331
尚格牛排(万宏店),102.731289,25.065919
九紫星吧,103.021794,25.242314
漫云吧,102.799688,24.970393
安逸茶吧,102.739798,25.061426
剪吧,103.292895,24.77566
发吧,102.658902,25.040573
墨宁奶吧,102.664541,25.084457
G拿餐吧,102.679922,25.053115
鲜奶吧,102.697322,24.998637
牛叉烤吧,102.998444,25.241587
禾吧,102.749939,25.158742
咖啡茶吧,103.212239,25.543451
C度休闲吧,103.046195,24.965522
馨鑫茶吧,102.74147,25.062208
喝点吧,102.743373,24.775015
品茶吧,102.723003,25.056111
源源烤吧,102.758913,25.078193
酒吧茶吧,102.732837,25.024265
享游吧,102.776904,24.968489
留念吃吧,102.751381,25.13647
来串门吧,103.126279,25.440386
天天洗吧,102.84694,24.91816
聚点K吧,102.787732,25.336286
天天剪吧,102.80864,24.891343
食忆串吧,103.044777,25.343746
饿吧,102.729396,25.032867
蹭饭吧,102.654103,25.091321
双肴餐吧,102.725612,25.092125
泡沫吧,102.80835,24.893717
甩饭吧,102.685819,25.020473
烫染吧,102.787914,25.033908
乐客烤吧,102.800141,24.895141
魅吧,102.74891,25.048114
随心烤吧,102.935926,25.777921
悦味餐吧,103.05281,25.341629
王者烤吧,102.813312,24.791634
鞋吧,103.049871,25.342595
美丽鞋吧,103.152925,24.924301
爱烤吧,102.698295,25.16091
时尚鞋吧,102.75358,25.057449
聚餐吧,102.627973,24.988813
爱尚吧,102.654249,25.092039
